 [
    {
      "id" : 1,
      "question": "AngularJS is a declarative programming language.",
      "answer":  "true"
    },
    {
      "id" : 2,
      "question": "The acronym 'SPA' stands for Single-Page Application.",
      "answer":   "true"
    },
    {
      "id" : 3,
      "question": "AngularJS is written in C++.",
      "answer":   "false"
    },
    {
      "id" : 4,
      "question": "npm uses the package.json to manage what dependencies our application has. ",
      "answer":   "true"
    },
    {
      "id" : 5,
      "question": "By default, event handlers are set to the bubbling phase.",
      "answer":   "true"
    },
    {
      "id" : 6,
      "question": "The HTML DOM is an object based interface that allows JavaScript and other entities to manipulate and create HTML elements dynamically.",
      "answer":   "true"
    },
    {
      "id" : 7,
      "question": "A template is a collection of data values you pass to a component.",
      "answer":   "false"
    },
    {
      "id" : 8,
      "question": "You typically define one root module and typically define additional features of your application as other modules tied into your root module.",
      "answer":   "true"
    },
    {
      "id" : 9,
      "question": "Angular will match the selector property of the root component to an element in index.html during the bootstrapping process",
      "answer":   "true"
    },
    {
      "id" : 10,
      "question": "If you want to set the value of a property that is NOT a string datatype, then you can use interpolation.",
      "answer":   "false"
    }
  ]

